name,value
Brendan,84
Oren,205
Drew,125
Stuart,37
Shad,25
Hammett,28
Barrett,81
Francis,23
Declan,195
Seth,103
Garth,107
Myles,103
Kenyon,75
Chancellor,167
Perry,231
Vance,194
Dexter,83
Samuel,138
Valentine,62
Asher,182
Emerson,242
Clark,211
Kasper,214
Yardley,202
Kyle,178
Conan,129
Caesar,145
Uriel,48
Fulton,77
Joshua,36
Colorado,182
Joseph,220
Gabriel,148
Gavin,25
Christian,71
Dalton,139
Caleb,118
Jerry,23
Keane,45
Aladdin,113
Zachery,29
Beck,71
Ezekiel,88
Ronan,5
Kevin,235
Brock,246
Jordan,228
Eric,59
Lucian,69
Francis,109
Timon,115
Samson,10
Reese,238
Edward,165
Francis,129
Oscar,60
Kane,220
Tucker,106
Kennan,102
Rudyard,27
Fitzgerald,19
Armand,231
Wing,32
Quinlan,222
Brock,150
Erasmus,128
Arden,189
Alden,151
Dorian,169
Lane,191
Branden,106
Scott,119
Forrest,18
Orlando,203
Jerome,140
Acton,40
Macon,193
Aaron,83
Cody,190
Armando,155
Zahir,145
Lucas,64
Sean,163
Travis,186
Plato,208
Cooper,161
Jameson,91
Warren,120
Cairo,99
Raphael,109
Austin,238
Armando,120
Cullen,139
Len,104
Emmanuel,137
Yoshio,169
Rahim,112
Clinton,231
Demetrius,235
Stuart,143
Hu,187
Fulton,37
Dillon,89
Axel,170
Yardley,99
Yuli,214
Oliver,248
Finn,53
Vernon,134
Rudyard,29
Malachi,172
Oscar,152
Brent,152
Hector,126
August,139
Kirk,123
Austin,122
Xanthus,165
Thane,177
Hop,202
Davis,220
Roth,123
Omar,40
Aidan,10
Uriel,150
Emerson,11
Thor,186
Donovan,28
Odysseus,240
Ashton,106
Kareem,65
Declan,143
Barry,76
Solomon,206
Kibo,140
Stewart,205
Reed,207
Herrod,64
Bradley,103
Zeus,26
Harlan,216
Jerome,37
Slade,58
Ian,13
Herrod,56
Curran,239
Judah,115
Clayton,247
Kenyon,180
Dane,243
Warren,54
Burton,76
Judah,120
Linus,240
Fulton,55
Malachi,8
Blaze,222
Kyle,102
Marvin,192
Gavin,31
Ray,242
Peter,194
Talon,245
Keefe,195
Macon,102
Charles,26
Fritz,181
Kaseem,15
Austin,7
Travis,235
Driscoll,171
Yuli,37
Alden,169
Nasim,99
Joseph,97
Denton,159
Quinn,34
Elliott,8
Sawyer,179
Kenneth,219
Cody,10
Alan,15
Yardley,125
Richard,221
Ian,161
Ali,180
Wing,196
Xenos,190
Josiah,94
Brendan,15
Price,161
Travis,179
Phillip,93
Walker,94
Craig,199
Reed,17
Simon,112
Stewart,234
Basil,77


